,mean,std,2.5q,25q,50q,75q,97.5q,mc err
a,2.8512352468068443,0.13046235232579853,2.5120259930942015,2.784422432791917,2.888602129186517,2.95228743732718,2.995677912116847,0.006380883080890236
z,0.557672406373321,0.03671438330003846,0.4777270924181358,0.5353276879457292,0.5602148030208843,0.5831359286944716,0.621984867403515,0.00202362181305415
t,0.40240784132391233,0.06526655568643172,0.2609602041332411,0.36230268473003485,0.4067334389510696,0.447434095276394,0.5207365152401159,0.0036026613432933842
theta,0.6173606806523859,0.037954824114004845,0.5262362575789957,0.5962990269802327,0.6223407524756126,0.6431740283881022,0.6798942686869853,0.0015299367575685213
v_Intercept,0.8152889080669449,0.245219695942064,0.3738194430499262,0.6452073416908801,0.8048695512435498,0.9727352885202211,1.3468212554835186,0.017686440392222346
v_gain,0.06735963889980279,0.0060391216128326455,0.05471639619597736,0.06356872951832458,0.06771016106808071,0.07152004052017905,0.07835839979263093,0.000402470929809565
v_loss,-0.13128253297959477,0.011290222256686874,-0.1518190487574585,-0.13919623944608367,-0.13201402178562477,-0.1240191661543712,-0.1073981664482414,0.0005540541686187337
