,mean,std,2.5q,25q,50q,75q,97.5q,mc err
a,2.408864812444758,0.26236682255784827,1.9362885544914463,2.222682099499717,2.3871889098452055,2.58683017132158,2.940607361738172,0.020039344766791138
z,0.533640420762643,0.02139147584179368,0.4916265847224375,0.5190021744059549,0.5338575022965778,0.5481413426550925,0.5753534234834998,0.000751284178107111
t,0.46281702021426047,0.0802144076959612,0.29982275417822674,0.4082398602815547,0.4696757158984839,0.5208750058513775,0.6042671975130578,0.005837600427963512
theta,0.5769492551145958,0.0720946216742825,0.43231982140154945,0.5283181553337011,0.5768498029875608,0.6277750793869951,0.7108252560565568,0.005269244595273322
v_Intercept,-0.8800264092520489,0.21794766097095425,-1.301735525919765,-1.027546059427652,-0.8829031286820657,-0.7347540951162861,-0.4473667212526123,0.014073962472008724
v_gain,0.19973350712081842,0.011709069568534186,0.17620233818820924,0.19208928347544202,0.19988104089848086,0.20777249094732536,0.221881125889084,0.0005595701839970891
v_loss,-0.14779777887601914,0.01113286044348787,-0.16976728824208487,-0.1550748925771793,-0.1479785396953147,-0.140286734380737,-0.12589329494209242,0.0006722821367004816
