,mean,std,2.5q,25q,50q,75q,97.5q,mc err
a,1.321175035082464,0.1040725586284144,1.1365921193009982,1.2486038269664588,1.3142001060572512,1.386186653756223,1.5448045759719138,0.005027795473488561
z,0.4699087500311664,0.023942414970080688,0.4227518611188211,0.45395127929452284,0.4700190254255946,0.4856775267856914,0.5174792714399209,0.0005863470170535797
t,0.6795273293975197,0.03691580925980389,0.5971307880621078,0.6568377404011504,0.6825984929851379,0.706097704112331,0.7413640717920189,0.001581385856151394
theta,0.2636356175029323,0.06693489668646634,0.12965366277628382,0.21977118866181183,0.2627773975886434,0.3090751245190296,0.39507240491469137,0.0030106775057816395
v_Intercept,0.03193811674976292,0.276422042212842,-0.539396164178414,-0.14421328196271008,0.03553223542804457,0.21907005868764412,0.5737005188249409,0.016159117574522226
v_gain,0.14563116818696037,0.016126524315050992,0.11215398991848397,0.13515654129217874,0.1461847178824342,0.15691482273869953,0.17603144255979702,0.0007891758997605636
v_loss,-0.15008037861644788,0.01602946643380825,-0.1814885012923203,-0.16120813222895666,-0.15016507872597157,-0.13926021169294625,-0.11881919042764569,0.0007941608280276876
