,mean,std,2.5q,25q,50q,75q,97.5q,mc err
a,2.0920218035089384,0.22113002037385668,1.6935562863072084,1.93402816055311,2.0851369033648073,2.233807989491588,2.565898085090703,0.015581588921858647
z,0.493097575952533,0.030277313264021683,0.4363291844990205,0.4729517648359869,0.49180114603454006,0.5128896298211947,0.5565819596243179,0.0011118134579260722
t,0.7989411903615403,0.0774459208225573,0.6352456794145942,0.7490218792243379,0.8039108847025315,0.8536772292987658,0.9353523326087574,0.005110863013782994
theta,0.561065954405616,0.06753275356214018,0.4218192884124532,0.5168621723252502,0.564943015848414,0.608019488173829,0.6859017264045504,0.004507611105717303
v_Intercept,-0.6911964209204031,0.24870367585136396,-1.157946570166578,-0.8629961949360907,-0.6919625872769498,-0.5281343548499781,-0.185491887358072,0.013733369607423976
v_gain,0.12657913954618727,0.013675293374528712,0.10043587147222384,0.11723526224303717,0.12642330661447623,0.13589680813276941,0.15380403487093838,0.0006361295812493258
v_loss,-0.12166141605893999,0.01452915379805032,-0.15106877862532844,-0.1310876317788024,-0.12152630012050983,-0.11184308784969925,-0.09373727814637567,0.0006585983528356709
