,mean,std,2.5q,25q,50q,75q,97.5q,mc err
a,2.191624528648534,0.3033592163255373,1.6847469622041387,1.9645334708342712,2.1681533367823462,2.3785347673100157,2.8568531860066995,0.02658630253670598
z,0.5299587211695821,0.019368590343770045,0.49630880869400384,0.5162546532204825,0.52833533392205,0.5428020277682826,0.5707778593535636,0.0010064311863919092
t,0.36782891598689255,0.0682744520779265,0.22275334899373617,0.3242441358015679,0.3737628116202001,0.4177892029019777,0.483965843830755,0.005751679284498334
theta,0.8895655081837199,0.06880596560388581,0.7461332197662037,0.8423000633706714,0.8945960726020701,0.9371136084075629,1.0135923753059024,0.0057415429354869905
v_Intercept,-0.21246628498005665,0.26544978197868074,-0.7227398441171771,-0.3904568448109097,-0.21496590546778832,-0.03711985225096388,0.32903470826531744,0.023707314611881993
v_gain,0.1923830819088273,0.012239640106674702,0.16670037355891912,0.184301202728508,0.19298632120759238,0.2007742538787275,0.2147726142558965,0.00078176899554509
v_loss,-0.1852164009809547,0.011781555003188499,-0.2087903647875987,-0.19315816998033794,-0.18527836887298527,-0.17728110574619038,-0.16241677077073396,0.0010388463066279266
