,mean,std,2.5q,25q,50q,75q,97.5q,mc err
a,1.7039174152292464,0.14708786525821776,1.433797009870579,1.601461365876431,1.6958146899799817,1.8003448608509514,2.0175921484968082,0.00871872235369379
z,0.5992803388064302,0.020825183362634118,0.5567198873427281,0.5860280474519238,0.5999649853622218,0.613229788951874,0.6390848668171897,0.000620397492361987
t,0.5775509064546968,0.040208015013448554,0.49049154104640597,0.5528810629907588,0.5805618844483759,0.6054826425993527,0.6484045638441488,0.002181084718733418
theta,0.5593778497808292,0.06317199910166879,0.421283618147168,0.5199016999688885,0.5617718914264825,0.6032606674839497,0.6739741711282556,0.0035831601540669772
v_Intercept,-0.35985826522794506,0.2677015103761655,-0.8797829722861313,-0.5395277970538521,-0.35465041903033584,-0.1776106643486054,0.15691280774874608,0.01850581240133875
v_gain,0.20437774854341603,0.01228287986550315,0.17919870429163962,0.19655662191958082,0.20446920197434915,0.21274502441299245,0.2271883285021151,0.0007697141886754413
v_loss,-0.1718558323360715,0.012187462834730323,-0.19396562114357724,-0.1803538852467975,-0.17215189967701305,-0.16374582729954876,-0.14682433763250552,0.0006774900304277376
