,mean,std,2.5q,25q,50q,75q,97.5q,mc err
a,1.2657088347617118,0.09408403919774987,1.101438285866239,1.2010339140604296,1.259312230945681,1.3230146540019143,1.4706318641805423,0.0051114786386136524
z,0.7253854880099401,0.022213335372711626,0.6807295585157684,0.710603241718331,0.7261929302598688,0.7408702896114503,0.7664973395241569,0.001093255480630283
t,0.6493419378898839,0.013967116912315081,0.6179463136686941,0.6411512377654423,0.6507027761022025,0.6586533992617825,0.6729583083711118,0.0005618740380780654
theta,0.5296969449909431,0.07370133429837196,0.38820965019067133,0.4803679531403022,0.5294474972713826,0.5775627086194289,0.6787261516789258,0.0036587539266091686
v_Intercept,-1.7338382683983398,0.33766634339580515,-2.3368576173556024,-1.9910016901241432,-1.7185451513428642,-1.4784709655550397,-1.1019626175030248,0.031400288163718496
v_gain,0.12543223274840226,0.007442417378435411,0.1112598595495106,0.11965997550428549,0.12528993753212933,0.13124012363731877,0.13849839148998813,0.0006856875410100271
v_loss,-0.06625499778500127,0.015811135847045032,-0.09508465045316383,-0.07747342888465952,-0.06696423347804527,-0.05567696705959575,-0.03354145166710313,0.001081818715885558
