,mean,std,2.5q,25q,50q,75q,97.5q,mc err
a,1.3975755317703613,0.15733873014557528,1.1389909224701875,1.2842697926767905,1.3804318485416964,1.4902778207614409,1.764701228416763,0.010300424877333385
z,0.4967564503118885,0.023459199051167404,0.45194211917483884,0.48043667244217225,0.49653616513953003,0.5123295742008993,0.5436938534234977,0.0011556015931564374
t,0.6036502586997186,0.04362644858097829,0.5060362398685432,0.5772831668330973,0.6079037424773595,0.6343821546624964,0.6769084468735223,0.0026703647283662243
theta,0.5027954967931713,0.09624984159778038,0.3238343564845753,0.43372183705887085,0.5007842058908581,0.5658755472660388,0.7027930860510043,0.005889912283236018
v_Intercept,-0.3210693965712188,0.3205212061694995,-0.9456858132081958,-0.5450146656668442,-0.3420639291257519,-0.11443457811794425,0.40904980232586335,0.029796815896281293
v_gain,0.17561799678042103,0.012779870043969785,0.15055250964608527,0.16678222297297876,0.1757673409406863,0.18441261776379908,0.2008749983179773,0.0008131626168482356
v_loss,-0.17557989682505704,0.01465274324186427,-0.2092913738873969,-0.18511371152223327,-0.17514203337404038,-0.16514546562770777,-0.14881461995720077,0.0013638440677728333
