,mean,std,2.5q,25q,50q,75q,97.5q,mc err
a,2.492509391370542,0.26615818274274033,2.024213051839718,2.282258003308392,2.4812788484742097,2.711191485052361,2.9649622763126584,0.017887654151143368
z,0.39035721385502703,0.03943113901215523,0.3192018775258371,0.36174617541556653,0.388079835917826,0.4173159811096384,0.47088737579671736,0.0020756224516540545
t,0.8801252913944467,0.09347142683378994,0.6735011721642916,0.8201483305152496,0.8912023130075647,0.9493215377135511,1.0286669195202873,0.005981180461651076
theta,0.6401525883185207,0.06769906538901686,0.5064644970806721,0.5922665981578135,0.6441991112177028,0.6926400335480115,0.7540483953830877,0.004345693122429597
v_Intercept,-0.21341714919031113,0.27667224181195316,-0.7416889946110748,-0.4025102075601832,-0.2275949036120511,-0.024982911733725438,0.35105759574976597,0.016511712222870314
v_gain,0.02528241036309754,0.0066177818513587375,0.01236513187038286,0.02091402213782676,0.025203219268024487,0.0297670328741302,0.038094783305272856,0.0003183664563681891
v_loss,-0.08142441539471362,0.014162808730922065,-0.10981225741827698,-0.09048438474447604,-0.08121026914525889,-0.0721678999944469,-0.053727605533584674,0.0007395883207468355
