,mean,std,2.5q,25q,50q,75q,97.5q,mc err
a,2.335908982860973,0.2549483011990169,1.8940530914591083,2.1461293070205887,2.3099390375333058,2.5091310671471514,2.8764327336892235,0.020137557658606496
z,0.5259134902275971,0.026231943364492683,0.47244467242625543,0.5080743984647148,0.5265777326819924,0.5440731011705847,0.5751556670017646,0.0013666923922755574
t,0.4797144709549187,0.07549877515971729,0.321708654341341,0.4286454890204595,0.4866175599446927,0.5342398803064486,0.6122960565028616,0.005745555377793828
theta,0.6894904039571225,0.0628523562533522,0.5664602538524707,0.6451226223756736,0.689341660817796,0.7351169642028555,0.8088158386707305,0.004713190270351691
v_Intercept,-0.23871831420672773,0.2604424503340517,-0.8048375151950682,-0.4051041402697708,-0.23397300759166934,-0.062451285334053974,0.2561881184749367,0.022049084251762503
v_gain,0.09553546560183968,0.006124120890472968,0.08374672173108932,0.09136813527576716,0.09551499500607154,0.0994166477756315,0.10858930247765629,0.0005078973160502498
v_loss,-0.12868888631893466,0.011428913489818842,-0.15012652367828525,-0.1364301121967868,-0.12879131411886338,-0.12105535947678486,-0.10593250917710775,0.0006469672720282254
