,mean,std,2.5q,25q,50q,75q,97.5q,mc err
a,2.7070803764122573,0.19815765944423933,2.2764442697823406,2.5692958012277876,2.7306482790607856,2.8731344968849775,2.987942819890364,0.013004376337222179
z,0.46854430895529214,0.03035124216221573,0.4092892850227783,0.4481281608170097,0.46876868389072324,0.48939905565662245,0.5280691820001838,0.0013617610401854409
t,0.444465348994251,0.07499661957341695,0.29937113080216066,0.39292380094689533,0.4442731954750286,0.49602692621910727,0.589389455582617,0.004503673298050634
theta,0.5941473137608426,0.04817408535837502,0.48415146140320287,0.5648188923888605,0.6014773814938221,0.6299235537542147,0.6691466109878441,0.002889848427326896
v_Intercept,0.6641980075716988,0.2452453052619214,0.1632872849208391,0.5033081798729842,0.661988082517175,0.8252011835828819,1.1652974245019674,0.015442932516828512
v_gain,0.06887467243303202,0.006015802779207823,0.05701065192371177,0.06475275453293355,0.06886245353269115,0.07297381028815604,0.08044011936476612,0.0003290101912586231
v_loss,-0.12865011858814795,0.011627771739490459,-0.15107586299689232,-0.13662765793526754,-0.12904329293274358,-0.12072199616971342,-0.10520509324701863,0.0005773759391323401
