,mean,std,2.5q,25q,50q,75q,97.5q,mc err
a,1.0762797043549872,0.08357912287871912,0.9292963192784571,1.0170700041347662,1.0707667707975714,1.1306004264345517,1.2512169434281564,0.003805634762472033
z,0.5692538191393727,0.022329369353988937,0.5249990112750461,0.5540407523386408,0.5695242409539336,0.5846163153348296,0.6119249338622265,0.0005008730492596033
t,0.7097502533929907,0.027733867526699325,0.6513581590143694,0.6914241707349006,0.7121305361170007,0.7304886547902213,0.7570529635885329,0.001173491605670741
theta,0.19865860261952487,0.07119849035281207,0.060805146472385885,0.1504064388665491,0.1980536944799896,0.24765143847287954,0.3357956821207305,0.0028319468863437147
v_Intercept,-0.06712657935802252,0.32057969278944914,-0.7115002375813145,-0.28303829003074454,-0.046421137147264924,0.14785707829913197,0.539177705724621,0.021878504052348705
v_gain,0.18840031731456938,0.014986742297875437,0.15763379053729698,0.17892243607421252,0.18794233137607685,0.19792840951376361,0.21817918100162242,0.0009039736071933752
v_loss,-0.17849498170070194,0.01492750759335951,-0.20652394536881896,-0.18888592856675812,-0.17860898481948795,-0.1685607984539499,-0.14836330993334565,0.0008185716546133117
