,mean,std,2.5q,25q,50q,75q,97.5q,mc err
a,1.1496701090065538,0.14283999252482144,0.9187331645469415,1.0442801549170595,1.129449574015582,1.24613941518266,1.457056778178057,0.010231165924487508
z,0.5390093165331391,0.03211286735146832,0.4742711878260951,0.5178737866806499,0.5392985387790965,0.5607029473860099,0.5999253569790545,0.0015156619566221784
t,0.619225649085953,0.027018273540746814,0.5586615837008433,0.6034570815178396,0.6223879228483395,0.6389037391653724,0.6628226851211496,0.0016991668720163608
theta,0.6488110594863163,0.14325577767867845,0.3869821776992187,0.5398811730153651,0.6396589399381036,0.7738106966428215,0.8893720935485274,0.009699762370207535
v_Intercept,0.8603692417650276,0.40803391436717595,0.05685217989799174,0.5874368640103463,0.8593758353320619,1.1408662584144016,1.622104605833545,0.03529735319582873
v_gain,0.06305328932065879,0.009066568819067483,0.04556997057987326,0.05687992223302429,0.06320559833492685,0.06937650267195083,0.08110357209959211,0.0007753468910339531
v_loss,-0.0940750050630585,0.018205893622502592,-0.1285574787530253,-0.1067249907234607,-0.09468059278585542,-0.08144930350400423,-0.0585737696621624,0.0011388844108797115
