,mean,std,2.5q,25q,50q,75q,97.5q,mc err
a,2.7374949132393733,0.18933817827431598,2.3051617544022203,2.6218631253879487,2.7736649938205233,2.8905637782098457,2.9894193433040885,0.012639315089227401
z,0.7263441751343265,0.023309301671824368,0.6773222636529658,0.7114976428629206,0.7279173049790554,0.7423298444113628,0.7686968636195934,0.0014006390730567126
t,0.5593823286558837,0.03532284242084919,0.4851442034038481,0.5361723004911275,0.5618643041703956,0.5852831716057205,0.6200202297214233,0.002202434381384714
theta,1.0015333534493303,0.03849215740730877,0.9065408341503397,0.9805037143900021,1.0093275284533472,1.0297261798636055,1.0554269675967098,0.0024936993032988975
v_Intercept,0.5304152430861591,0.29156271428750974,-0.05677522916381382,0.32895108598094663,0.5300555277533495,0.7411592566903448,1.0597788416965939,0.025727262174482117
v_gain,0.07964078946362664,0.00654538205960978,0.06741371864065944,0.07502536158322448,0.07957278588363895,0.08409283643627914,0.09293842292368913,0.0005686811655890645
v_loss,-0.1556804002430522,0.014745216559183531,-0.18472796220990392,-0.16534876983031305,-0.15600597146080475,-0.14552714390054228,-0.12614671583672107,0.0009362462070308062
