,mean,std,2.5q,25q,50q,75q,97.5q,mc err
a,1.6702567147346,0.1459176008598874,1.4217423680571546,1.5672352334344417,1.6585246398119016,1.757659266146036,1.9899730558679298,0.00880636222206006
z,0.3638090990874467,0.023615114104881048,0.3193655610220223,0.34773210797913934,0.36336583554374213,0.3792057436810409,0.4110592593764938,0.0009504055493815127
t,0.7168068288429267,0.038981085832991966,0.6257097336966264,0.6945142001843585,0.7199378948376398,0.7435875769419588,0.7849248826299954,0.0022017772237317166
theta,0.5433233648801129,0.06977657078713188,0.40578944855194343,0.49615926518041176,0.544500696154818,0.5885713233330931,0.6816727875955747,0.0038281623192875794
v_Intercept,-0.26282782400112975,0.27717242716403795,-0.8158883497103253,-0.43660340509209755,-0.2572358997418621,-0.09020529827021248,0.3018975163096122,0.021701089342851865
v_gain,0.19098167153282425,0.01235286275706553,0.1662010393762978,0.18281468811090026,0.19127031257867774,0.19920021106474356,0.2154654606476506,0.0006811752432506994
v_loss,-0.18054720071945388,0.012593137583525099,-0.20488268595923642,-0.1887820668167845,-0.18056912031530536,-0.1728083931819382,-0.15341600734613545,0.0009552529839017256
