,mean,std,2.5q,25q,50q,75q,97.5q,mc err
a,1.4870145808364366,0.15400519762776319,1.214684964213462,1.3755169466642971,1.471705802160289,1.5892309256729138,1.8128550715936778,0.009898811801523476
z,0.5109878595463987,0.015957875069395056,0.4793313944419263,0.5005653305597625,0.511035159597838,0.5215495755805616,0.5424011012966481,0.0003081161668933504
t,0.5795517487186765,0.04075348844744822,0.4915178268949495,0.5539792933116999,0.5826119633739549,0.608277895604525,0.6527052404626823,0.0024898876123032932
theta,0.569940313660392,0.0802120564573567,0.41133664658914976,0.5164810932829371,0.5678807294422846,0.6239543453067578,0.7235499150883229,0.004863808634305268
v_Intercept,-0.11113986730066999,0.2714355570990966,-0.6944133550905863,-0.2893704961786815,-0.09544599655538993,0.06775252886503423,0.40644502803248916,0.0233876530836829
v_gain,0.20013421828587752,0.011106830853966099,0.178696189452511,0.1931740603659873,0.19975793870921776,0.207237826854099,0.22313472716374005,0.0009303147967567267
v_loss,-0.1905760965527476,0.011103817817227414,-0.21108949668055307,-0.1981242986920075,-0.1914134536453909,-0.1832367115479894,-0.1662294363066988,0.0009065147353573754
