,mean,std,2.5q,25q,50q,75q,97.5q,mc err
a,2.0472452390571543,0.2859895322554203,1.6103907857726945,1.8299485243972238,2.003855001299951,2.2192271332068145,2.696183076014969,0.02162154160084457
z,0.5378692189698541,0.03428934059241732,0.46904127115466776,0.5155016508538572,0.5386179554906784,0.5612053516184606,0.6045297597347579,0.0017720643297432334
t,0.6793132580734468,0.06668174131046323,0.528285538519683,0.6374514896266769,0.6895490821834753,0.7291317127662819,0.7829731635962313,0.004813551902179679
theta,0.6654374050495976,0.12022900424314745,0.4564956093625469,0.5760648523165066,0.6592039295957637,0.7467803446176363,0.9038133684743981,0.008560775886777297
v_Intercept,0.46592798810544345,0.286477594193161,-0.12614210297292233,0.27434186339832234,0.4652658066071609,0.668356519042682,1.025534928330317,0.019198622003867148
v_gain,0.07262020005818731,0.006558785403205073,0.05971829660671358,0.06815370383105035,0.07255427745912378,0.07717870637346563,0.08521248856663521,0.0004040330968120869
v_loss,-0.10050707316687722,0.012859007779441512,-0.1251948618361595,-0.10937860423459775,-0.10077064445830837,-0.09182694966216924,-0.0743988224153766,0.000635635635320342
