,mean,std,2.5q,25q,50q,75q,97.5q,mc err
a,2.244129206185061,0.23972849427590784,1.8269374765612203,2.0750824534631787,2.2244312746708976,2.3971969833193563,2.7739415343289635,0.017368354637911813
z,0.4893493145494835,0.03753235269763298,0.4200758883837764,0.4631761608193673,0.48848403024830755,0.5136753299606279,0.5670704272610148,0.001791329054042184
t,0.5172962721724563,0.08687485071931486,0.3220604554947613,0.46469382160426675,0.524487386626585,0.5785890330451646,0.6688503497449354,0.005785816920104107
theta,0.5984501849587172,0.06986864877817953,0.45667754314100484,0.5516852579843485,0.6003727430675914,0.6475013219565183,0.7293510294822686,0.004719908220441005
v_Intercept,0.21877586257249504,0.26904223406058325,-0.33690137516444857,0.039776240073837094,0.21877692290040063,0.4092879729457347,0.7145109705645604,0.016991097025445177
v_gain,0.060227848497978076,0.007728316275333273,0.04580396265340404,0.0549424531942394,0.06000741366836896,0.06539735218514772,0.07614044391664453,0.0003828095730164978
v_loss,-0.08079826031813821,0.013664451444474831,-0.10741999815675257,-0.08993060699993444,-0.08077308888331321,-0.07158725069241297,-0.05418739493165101,0.0006779324996639853
