,mean,std,2.5q,25q,50q,75q,97.5q,mc err
a,1.903827193921467,0.1920949191419857,1.5554476121847927,1.7675344039725476,1.9005976844927963,2.0314403118322186,2.296142765698822,0.011773844328851348
z,0.5505888501025812,0.025224738127791017,0.4993399167760739,0.5343375207243882,0.5507616153962713,0.5672667813210728,0.5998190756317617,0.0007293027384813749
t,0.7954335491984905,0.07627618943353816,0.6491112545193876,0.7419817778572537,0.7938765650700912,0.8520178017843804,0.9318331258801308,0.004318772537000202
theta,0.43342507189681057,0.06682924240416975,0.29890517539059996,0.3891762869319547,0.43597230159290523,0.47944074982597845,0.5566478598602937,0.003956520627426938
v_Intercept,-0.13954544884640496,0.25655736378475824,-0.6332612720464815,-0.30862484950654817,-0.1380845347439662,0.027030570574417656,0.36347362295702873,0.014696486196763833
v_gain,0.15617960240468148,0.01504761635813382,0.12663487629811832,0.14617720553307872,0.1560409819779698,0.16610802723045517,0.1867886850790953,0.0007896776264142444
v_loss,-0.14470338587493994,0.014490578026934525,-0.17428247566695926,-0.15400437389103777,-0.14431870959902646,-0.13525444517429122,-0.11621758146506217,0.0006866526108013286
