,mean,std,2.5q,25q,50q,75q,97.5q,mc err
a,1.6930551624871684,0.1606187130381545,1.4107959435217339,1.5802424454733028,1.681125169120371,1.7916998120926602,2.0516824550076564,0.010293037741608235
z,0.586633572618037,0.025419376500750563,0.5355800540801613,0.5697940856576565,0.5865859314299695,0.6035515843920771,0.6375424709829562,0.0010175518109518137
t,0.5385314568102276,0.043902006110047555,0.43957337430483645,0.5118751758404678,0.5426139399511657,0.5701959958560265,0.6128743852965574,0.002542684812520409
theta,0.48406965362261795,0.07898422192070458,0.324789193802349,0.43139823100786506,0.4846296366205285,0.5363972855287135,0.64040986807661,0.0047251839330478594
v_Intercept,-0.971333042022946,0.24827909310614404,-1.5273094816140285,-1.120838928267085,-0.9652281100010907,-0.8036016216796465,-0.5248607754932094,0.019594313729562336
v_gain,0.11128433107451648,0.005757877912027302,0.10029290648561946,0.10750563021527731,0.11123533142259082,0.11473675821783867,0.12382981422227546,0.0004396292716339863
v_loss,-0.11021055562649387,0.012303482338859566,-0.13304296385660136,-0.11847187973345014,-0.11046713636617875,-0.10218520075166014,-0.08548311733844423,0.0006655286049045183
