,mean,std,2.5q,25q,50q,75q,97.5q,mc err
a,1.3171483069399403,0.119064094661956,1.0934865719096143,1.237278115958905,1.3160431233646421,1.3942834586473225,1.5550774775660627,0.0074675512049253824
z,0.6163211642390305,0.02265581206450994,0.5708202940052669,0.6010896204111668,0.6164106194462095,0.6316758529369021,0.6597851038071022,0.0008483095723677492
t,0.647544969441671,0.03582492780571383,0.576330843679058,0.6251556316432396,0.6468934893996021,0.6693699352392325,0.7219618614947778,0.0020431732423887906
theta,0.4590110815993627,0.08150624114239163,0.2810570029557977,0.40790775805158047,0.4665969697498169,0.5154701710797418,0.5971034724070071,0.00472449091977528
v_Intercept,0.17889469160923682,0.3000028307326414,-0.39530428588153127,-0.017209634104541516,0.1663780592334683,0.3707667270803178,0.7893376518480613,0.024817022369927264
v_gain,0.0646344842083753,0.006467822687337707,0.05138061687251994,0.06038973408697479,0.06465132661081627,0.06902133326701618,0.07706355140871327,0.00032942827737124565
v_loss,-0.18767790241525037,0.013814291337916751,-0.2161749612271168,-0.19608453293843414,-0.18771869219740725,-0.17863278207369096,-0.16106959414119457,0.0011313885749356135
