,mean,std,2.5q,25q,50q,75q,97.5q,mc err
a,1.734292244082329,0.16914191497739678,1.4287468176353184,1.6167003116201604,1.7196925377862853,1.8445456917420844,2.0953814621459053,0.011507293699356293
z,0.39917460253661374,0.03399834703125861,0.3332569419889303,0.3765587826028346,0.3985055130203319,0.4214712508151821,0.46726838767796053,0.0015323213946780256
t,0.7104722903415293,0.04079991538096852,0.6210672772834389,0.6868680242937992,0.7136260276589457,0.7366661439328392,0.7851610736407475,0.0022320782432450627
theta,0.6801571992749741,0.06939938626193168,0.5340330918533008,0.6347596140275005,0.6812983809851423,0.7290753925774616,0.8086102300305185,0.0045790934443348
v_Intercept,0.22493543350075407,0.3105768893172005,-0.39499013578274084,0.02023123374462661,0.22608213248444714,0.42602897360187486,0.8449117749610009,0.018377092766665035
v_gain,0.06723779773528947,0.01606605732623767,0.03612485975130848,0.05579091198475852,0.0673520109401573,0.07863522516877317,0.09776671174463615,0.0008118938348975544
v_loss,-0.15604903967865752,0.01677089100020926,-0.18856267556926695,-0.16751052598090968,-0.15649977700833193,-0.1446911631430513,-0.12247233044595099,0.0008371723155247252
