,mean,std,2.5q,25q,50q,75q,97.5q,mc err
a,2.291725577915274,0.2537073580204918,1.8579803403196369,2.1029164807069236,2.2598455410522096,2.4691927314546893,2.8132113948948634,0.02016730455152712
z,0.6128850417290417,0.023746715370426875,0.5667964190965796,0.5962030310768011,0.6132910462229664,0.6296699191932545,0.6586397274601509,0.00145735553655804
t,0.49965997555467084,0.05716387538981071,0.372067831592525,0.4649507387581119,0.5062376865623798,0.5410417812620544,0.5950362962963017,0.0043341208940650775
theta,0.8801475037917945,0.05718718445871719,0.7650879344743488,0.8407110067861103,0.8795654279369747,0.9220855585803784,0.98484077499299,0.004372454240235328
v_Intercept,-0.5486488439401584,0.3335445784584829,-1.3237367426497684,-0.7287928262792996,-0.5171902263799297,-0.34069722126757646,0.02127719112676768,0.031066148744703915
v_gain,0.1058250186090883,0.007578122489098364,0.09323867595892041,0.10102243026363669,0.10503077218311956,0.10975759760470795,0.12287081757686581,0.0007032080664923789
v_loss,-0.14590475250569124,0.012980390014822025,-0.1718249159150767,-0.15440063204426155,-0.14604856784297565,-0.137529911134785,-0.11903875489668576,0.000850440557708477
