,mean,std,2.5q,25q,50q,75q,97.5q,mc err
a,1.3702166956713808,0.12064579658806392,1.1529000692711466,1.2849603100836873,1.363993477582957,1.447338057914082,1.6226903912329633,0.006652834853524084
z,0.6600947867837759,0.02702196915164446,0.605181954260337,0.6419540098714364,0.6614592145923317,0.6788190476027524,0.7106834486994332,0.0013620434826162099
t,0.6314001045025016,0.020171836964914865,0.5844560582041373,0.6195837562768214,0.6335417561448186,0.6454780773814006,0.664816796943645,0.0008962061180916301
theta,0.572728215389071,0.09166453056549213,0.3901463708242926,0.5109760320302268,0.5725781195256621,0.6360824086696646,0.7455616752650044,0.004872445607513035
v_Intercept,-0.18304376417823903,0.3157310112234307,-0.7539502877853804,-0.409003224941337,-0.18553776181601658,0.018876888089107147,0.47751706831276663,0.029010591769827888
v_gain,0.08958527380250769,0.006786508967580598,0.07607942066735107,0.08509474538720298,0.08942773089213227,0.09480494159652586,0.10191573656312002,0.0006215604868896079
v_loss,-0.08978536669610264,0.01636992967040449,-0.12371295880421715,-0.10011880612172003,-0.08982826110205036,-0.07885006199162316,-0.05795613054535195,0.0011320984048983046
