,mean,std,2.5q,25q,50q,75q,97.5q,mc err
a,2.0312668355405274,0.16101412479046853,1.7197932728975802,1.9206899324619868,2.0257485433930924,2.1363902392840934,2.36923737872122,0.008647924124998853
z,0.6142243447325001,0.02668906613190372,0.5610258037942139,0.5960773612898602,0.6145910407997084,0.6325285497216515,0.6645371772777418,0.0008392993386374864
t,0.5715373752540959,0.06297225639467785,0.44033940081601597,0.5306605374470652,0.5742489253984255,0.6145569986826575,0.688382077297887,0.0030572502877476313
theta,0.43384190133582223,0.0547438068792716,0.3174165513461469,0.39829886283402915,0.4364343290024692,0.471504421270802,0.5344566707799414,0.0028283955965957798
v_Intercept,-0.3149693106169851,0.2448494934196276,-0.7956138530415431,-0.48270769975212613,-0.3168325101301892,-0.14368974110640265,0.15676950031646222,0.013980125332527854
v_gain,0.13623116600326643,0.014118029580134877,0.10961192489564632,0.12645586387554025,0.13627155857904763,0.14570625030083661,0.1646105780368885,0.000688715378451734
v_loss,-0.09807149373113153,0.01349077068492048,-0.12540344651535776,-0.10685858220486658,-0.09760960436208088,-0.08901959850634555,-0.07277115172728622,0.000693900444262906
