,mean,std,2.5q,25q,50q,75q,97.5q,mc err
a,1.6051111526604418,0.20330002198592956,1.288459970357999,1.4562627993490591,1.5740570142045511,1.7208311594444043,2.069856160766088,0.015199967465733887
z,0.5331746648073432,0.021016045335413822,0.49242890175552456,0.5189130015578024,0.5329965992245016,0.5468819352503383,0.5757628038659195,0.0006295184918074977
t,0.6965745044569572,0.04817701829451602,0.5836462021135653,0.6706350876677027,0.7022772662747624,0.7309918226627304,0.774346929928981,0.0034600469953488177
theta,0.6765028618789978,0.10008642546889827,0.49354241015613654,0.6035113114218262,0.6705879338944604,0.748691565252949,0.8707969421536355,0.006966093023221445
v_Intercept,-0.4000321809629865,0.29564782361910835,-1.0068286758748828,-0.5909516211606035,-0.3910175934901353,-0.19614902907624057,0.1483958160983957,0.019522844867034678
v_gain,0.1955791998522855,0.014045397698343984,0.16706374598389798,0.1863491817587572,0.1962208453920569,0.20528145226378158,0.22164094776252305,0.000764468983498052
v_loss,-0.170002376923551,0.014057570609017975,-0.1945750495027035,-0.17988227863621747,-0.17089527393392207,-0.16103865492551508,-0.14027322281845855,0.0008178563395247129
