,mean,std,2.5q,25q,50q,75q,97.5q,mc err
a,1.555702884208945,0.15094109325014549,1.2935774696502913,1.4454360577295655,1.5455128158984104,1.6591277573790615,1.8659966354084425,0.009975242677915313
z,0.38059998885644497,0.02733574588944904,0.3303186363615427,0.361769109805801,0.3798196470331089,0.3981877104206192,0.43805165744891794,0.0009966560268574736
t,0.6773306534433079,0.04595161668941449,0.5791519732933946,0.6449055502607851,0.680111204526715,0.7129630640092646,0.7526416852712836,0.002869292762965187
theta,0.5477590873247894,0.07695632416624296,0.3949460459740419,0.4950962587683291,0.5489111957509525,0.600748917043997,0.6951583452932385,0.004709075457203199
v_Intercept,-0.6381885467915466,0.3238729927206615,-1.2433042561734153,-0.8584473084605763,-0.6487001976738668,-0.4246013580844226,0.02334362482371452,0.0193076283843351
v_gain,0.16581595477278668,0.01725188420285545,0.13199714414896113,0.1541289960445596,0.1661731970634458,0.1775289733797526,0.19811062150554443,0.000860471675056961
v_loss,-0.13238362659449587,0.016498128962519707,-0.16497362172319108,-0.14376611742584364,-0.13251240483731333,-0.12123848214682892,-0.0999604175711792,0.0007410458615376271
