,mean,std,2.5q,25q,50q,75q,97.5q,mc err
a,1.9378359388634605,0.20798401951770776,1.5379891567813306,1.8048782774838414,1.9294304468943433,2.0633524940772237,2.4036558918945317,0.013665991868984737
z,0.413798093721825,0.027111707555260402,0.36184538110992115,0.3955702327341878,0.4132635139976206,0.4308788547525505,0.46947033141435346,0.0011268024559980402
t,0.7886948142078611,0.056493810039493816,0.6794605055241654,0.7545834108530709,0.788009100061073,0.8202244020267496,0.9146088292845489,0.0034866601882400485
theta,0.6367368230870077,0.08029614661809047,0.4754551383840192,0.5861439710620857,0.6350585494703517,0.6869941101380963,0.8023817727126268,0.004950577329359203
v_Intercept,-0.5822911686362435,0.2857646322148336,-1.1299405601002939,-0.7786835676938887,-0.5890015103540863,-0.39888853090447574,0.031968145540811954,0.021667205931985612
v_gain,0.07939299571932894,0.00640586563269308,0.06665543551750708,0.07503751871433037,0.07946737382543842,0.08368054939953243,0.09180955589109785,0.0003127352287006494
v_loss,-0.1555299090255124,0.013477934200219085,-0.18389806121699856,-0.1644155956708936,-0.15527643483981082,-0.14613752975193617,-0.12994161648157276,0.000988053012862872
