,mean,std,2.5q,25q,50q,75q,97.5q,mc err
a,1.353085842800289,0.16487005788244888,1.098549475993183,1.2372656602676877,1.3290282187713454,1.4429714030043237,1.744316609490991,0.0114200731619805
z,0.5793760224974004,0.02392350441665941,0.5306423576614233,0.5636514403111527,0.5800783644172509,0.595645468535755,0.6252935921668187,0.0010674826169577178
t,0.6834917354110343,0.04175769230400866,0.5807790258514252,0.6621898928196075,0.6896302128151367,0.7129672183134611,0.7452977544157902,0.002743232373424164
theta,0.4160852941576483,0.12068192964772963,0.18856584963289907,0.3303849714427519,0.40891282823272984,0.49900859475459103,0.6638478166706695,0.0077866963750117535
v_Intercept,-0.775298874226002,0.29488761079282455,-1.3006563195178422,-0.989450476356375,-0.8003238136430728,-0.588193302578821,-0.1576304832996756,0.026606092407410808
v_gain,0.10920344191359942,0.006581393135951259,0.09530216676030821,0.10501497143819072,0.10990110029552304,0.11381240853307972,0.12092321400445105,0.0005910652552332404
v_loss,-0.12760739683270275,0.013337220072585705,-0.15352727000121602,-0.13693483337318363,-0.12728317900698133,-0.11836952027369882,-0.10186509737511981,0.0008568804648313553
