,mean,std,2.5q,25q,50q,75q,97.5q,mc err
a,2.5889355436340407,0.234933242823678,2.1176400562550546,2.4201171877454217,2.6049176535485703,2.769196882916305,2.9760426948589243,0.016463325201904654
z,0.5186877897844865,0.03761071487634449,0.4408928655620379,0.4937525051087245,0.5206694201397075,0.5443962784583682,0.5891993735084777,0.0017166740943546255
t,0.8601875105742558,0.09295513870295542,0.6833488707334636,0.7940637195625803,0.8597056008162222,0.9250598607536116,1.0408872113751717,0.0058972706449570405
theta,0.6272311598688772,0.058517066755874536,0.4981766136033564,0.5895331882843762,0.6342112257812449,0.6706801479967235,0.7206117634894014,0.0038235988168962816
v_Intercept,0.6372040150714174,0.2483333376122738,0.133274023188647,0.4765582576495494,0.6419947880669157,0.7931385453633167,1.1347846261269638,0.0146243371937809
v_gain,0.045671769924056034,0.006329214157383846,0.03352755386296846,0.04130878224801321,0.045601546826586944,0.04989971892078955,0.05835108516086516,0.0002792203571141634
v_loss,-0.07728692473844878,0.012694814757255172,-0.10149141602892658,-0.08600139783133436,-0.0775900960323329,-0.06862989586542119,-0.05182478299458946,0.0006610706908819759
