,mean,std,2.5q,25q,50q,75q,97.5q,mc err
a,2.3131933062726073,0.2114475431366697,1.9626073706671179,2.1581692073676537,2.2866023328406735,2.4569665637386544,2.753653845959333,0.012959203657339696
z,0.5930724300762263,0.02496392026780973,0.5424239790097914,0.5768661106580342,0.5936583512949051,0.6101840603443788,0.6396015704670727,0.000884744135969434
t,0.631350894627322,0.07310355793534774,0.4704674614396105,0.583653677828377,0.639272618319391,0.6848785324393861,0.7554764905585482,0.00435196509030202
theta,0.5409424347214723,0.056217459177181704,0.43415880114274624,0.5014638492867215,0.5405729417787845,0.5801506945626054,0.6497216054109415,0.003255057957036493
v_Intercept,0.6671196576008886,0.23911186854604194,0.20421596086821184,0.5048215456367374,0.6595340751290162,0.8221795257737915,1.1682572618802334,0.014812635771948187
v_gain,0.0699696488021193,0.006865392172467849,0.05658155130544741,0.06531960190557269,0.06995486199841322,0.07468027680274443,0.08321976367653519,0.00036540491565292626
v_loss,-0.17265991524534563,0.013676582609554823,-0.19815516322972584,-0.18224178051059448,-0.17309423366585938,-0.1635010317632264,-0.1450515993849719,0.0007165056696244631
