,mean,std,2.5q,25q,50q,75q,97.5q,mc err
a,1.9674333972121827,0.16293465182134168,1.6806067395083895,1.8516039067745815,1.9571316337415805,2.06729483084448,2.315916988170225,0.01001558950796486
z,0.5085057052829565,0.021580871237845623,0.4672067481785812,0.4943614902025859,0.5080642873126524,0.5228684033698877,0.5513215248966175,0.0005912340350696578
t,0.7515142656365645,0.051781938320914316,0.6368697651606008,0.7199460005249035,0.7554268920384085,0.7879397456808004,0.8415235177739184,0.0029152749187536077
theta,0.4727067752369978,0.05622796639999543,0.3601761681008296,0.4352327243374427,0.473321279472897,0.5107968084918445,0.5801382173450897,0.003245796657341675
v_Intercept,-0.49399021081752637,0.24359975072196893,-0.98262858484954,-0.6617578567515555,-0.4908569046188346,-0.3290179768304298,-0.012493058508522226,0.015623206644341327
v_gain,0.09994391745911342,0.006027899651245551,0.08810810324785996,0.09591754579193724,0.10001243409894173,0.10405775558990779,0.11174996093348157,0.00028673170424069856
v_loss,-0.1685858804845956,0.01212788648159042,-0.19125443808794074,-0.17702641756800272,-0.16889250215028945,-0.16046650663147363,-0.14384306434619462,0.0007044890544670384
