,mean,std,2.5q,25q,50q,75q,97.5q,mc err
a,2.163316671397216,0.2281307461646836,1.7605023582702453,1.9995656719235657,2.1499038615941872,2.311978111800501,2.6453559426262947,0.017887269376239613
z,0.6890005772034546,0.022154833649441832,0.6443571876015041,0.6743191756213592,0.6890002322708,0.7043128368056899,0.731151178076009,0.001265081090893975
t,0.6003145782558389,0.035193224217282326,0.5215388439927823,0.5786529487888664,0.6042312314639933,0.6254497263191423,0.6584864982919427,0.0024963502061633833
theta,1.0004482788471238,0.05756154634665215,0.8673444872646885,0.9673272071833118,1.0065282231008446,1.0415784301127322,1.095157767261869,0.0042970281580483214
v_Intercept,-1.170917186470076,0.30964385309933096,-1.754034263654978,-1.3961088729161568,-1.1676779193189066,-0.9621715217065262,-0.5711574879360339,0.02711092848287504
v_gain,0.1162584403008178,0.007144365274234974,0.10256761743120854,0.11133964404903245,0.11634898741718176,0.12116749456422135,0.13057220413971443,0.0006201461959472154
v_loss,-0.10722369202072432,0.015411750840639834,-0.1369908776193211,-0.11808061626226665,-0.1069041199500852,-0.09698736613264816,-0.07676238794221639,0.0009577689696910566
