,mean,std,2.5q,25q,50q,75q,97.5q,mc err
a,1.008122193683278,0.09047923026443118,0.8464993517348719,0.9444375370594307,1.0022654618553055,1.065819582131607,1.200671004909456,0.0047312700701741175
z,0.5783791944546577,0.017949070203607396,0.5435383186923575,0.566626803283272,0.578269909582866,0.5903056309949547,0.6140112335259366,0.00034533223610701865
t,0.7091235651932023,0.02708974915853521,0.6545755014573833,0.6903578264246807,0.7099206494623185,0.7294897725248067,0.7563035225801814,0.0013074682771114408
theta,0.2647899002866698,0.09590909167889043,0.07486460546637425,0.20000396889233474,0.26647897333897286,0.3299756928995883,0.44595995869830557,0.004495252929767475
v_Intercept,-0.15367860674203357,0.3101509633548104,-0.7270065753861286,-0.37366996325146556,-0.1454211961770529,0.04900074420371357,0.4496008643209769,0.02772092679337924
v_gain,0.20146878158276169,0.01275467996777868,0.17582183703686108,0.1929075141830312,0.20111580487816327,0.2105732276751372,0.22459023382674342,0.0011028896274436861
v_loss,-0.18947320256669742,0.012616144494820217,-0.21441052236363825,-0.19816271326887636,-0.18942878453747014,-0.1808276448944909,-0.16516793731586607,0.0011003049624181147
