,mean,std,2.5q,25q,50q,75q,97.5q,mc err
a,1.9724240444382912,0.23949346309895028,1.5928921736609487,1.8018986754046458,1.9302916380819344,2.103719669574737,2.558505924970385,0.01760164517529436
z,0.5640915175739463,0.02190911633688545,0.5212619013526781,0.5490083736571213,0.5646584544284414,0.5791336847691994,0.6058221414920546,0.001134916046390683
t,0.5464487492254603,0.07108747925481657,0.3842792144503283,0.5036412198604059,0.5567173804314008,0.5973210067090057,0.659698043272716,0.004997160653007287
theta,0.4882088212781931,0.08171502533606925,0.34232193224891894,0.4292665405353531,0.48070027828133494,0.5398693999932095,0.6680222206663953,0.005666135241761043
v_Intercept,0.6397072952604326,0.23637583797613243,0.20105192404658354,0.4761195429640063,0.6512463870703142,0.7997943141123707,1.0929061735334267,0.022072735703493405
v_gain,0.16728961636476092,0.010952553563479704,0.14570427881115405,0.15996325018195529,0.1670834567627328,0.17479777860879045,0.18787667506420613,0.001021559877915159
v_loss,-0.20365950938440452,0.009599645248687802,-0.2222123619586688,-0.21022241816290682,-0.2038494989097697,-0.19711423244522164,-0.18509404661061113,0.0005823683542418377
