,mean,std,2.5q,25q,50q,75q,97.5q,mc err
a,2.1350688175411117,0.1760384342647589,1.8346044298549382,2.011796221488575,2.1215747272896723,2.241350895976606,2.533389136643948,0.01190050186389138
z,0.6016450662511308,0.025557854114175663,0.5489364555910782,0.5845239104648425,0.6028196242094545,0.619299949466488,0.6490056770640814,0.0008427316569208747
t,0.6282995602940707,0.07377928255224936,0.47002874462240607,0.5815574982826618,0.6346697735716365,0.6781140816622524,0.7613832499436491,0.004363669842735066
theta,0.5342035867861192,0.048188366172416106,0.4410223951230851,0.5016889175534687,0.5351784907215695,0.5649477976948095,0.6316295321194749,0.0030676699094962937
v_Intercept,-0.5134609541407087,0.24451124670144722,-1.0067411987769976,-0.6729084278973773,-0.5146246324596897,-0.35830591188981153,-0.01565485064394745,0.014368142191358088
v_gain,0.05332172141563537,0.007007844057229607,0.03968866877661862,0.04867595310278436,0.053312974720967285,0.05803055345599589,0.06731034919602555,0.00035752752372862813
v_loss,-0.06905369581308315,0.013370230400170602,-0.09566475895946677,-0.07776990197726846,-0.06905322134815087,-0.06013357243398003,-0.042895268261283884,0.0007042461568532281
