,mean,std,2.5q,25q,50q,75q,97.5q,mc err
a,2.651483624152008,0.22022915362302173,2.191748671113138,2.4934619372037687,2.6722629372974547,2.835712461309695,2.9824093821901387,0.014525772755747016
z,0.4912922675065393,0.023866472242428795,0.4444853614473874,0.47498219786482576,0.49140025905849805,0.5073743939840971,0.5372670742562696,0.0007742892578914677
t,0.5796674862979433,0.07225671476328424,0.45003377003521644,0.5286543047089581,0.5761573718099691,0.6289819053095499,0.7264022317495678,0.0043390565351571295
theta,0.6263404454755371,0.054433050987462366,0.506947859525541,0.5908498763453434,0.6346933815100753,0.6680877561175104,0.7091240993191315,0.003403739014237823
v_Intercept,0.027540700838965645,0.2154138564541258,-0.40271293021714155,-0.11720407636590452,0.029406755726115,0.17776128270321218,0.44485702379158454,0.01238495658345891
v_gain,0.16552587326426724,0.015023044681817345,0.1375021357583714,0.15489073543186213,0.16495942045358344,0.17601350234031887,0.19553556827735438,0.0008222987766160848
v_loss,-0.16535622935816052,0.013913732927131347,-0.19080746738143162,-0.1754351476139186,-0.16546874090794128,-0.15574869296521898,-0.13745319854597468,0.000695628229267007
