,mean,std,2.5q,25q,50q,75q,97.5q,mc err
a,1.693713330960339,0.1814289092381804,1.3716588772758143,1.5676269116422357,1.6818179104133653,1.8057453073769998,2.0903489677725724,0.012650552068418188
z,0.4837806253778912,0.021455445228752482,0.44096443624766557,0.46950358285854266,0.4837547186537332,0.4987248741820044,0.5246825850455974,0.0006715688480472017
t,0.6739690598983167,0.04931513964528924,0.5690527341022537,0.6432430166227563,0.6794579009283699,0.7087759136952771,0.7574882439859856,0.003170204222833049
theta,0.5454075151344873,0.08384376248309054,0.35434715922631177,0.49825186627037465,0.5519238650882878,0.6009580104894398,0.6927196262684018,0.005440525238199555
v_Intercept,0.1785946880459138,0.26317240988072504,-0.3664677279029067,0.0008459970799823274,0.1899623865802158,0.358802669426889,0.6757306256501976,0.020411137289195403
v_gain,0.1832197505186851,0.012158724332115046,0.15946116582833297,0.1754980988057807,0.18326050439684474,0.19126958106765835,0.20882891943613055,0.0008876641579372305
v_loss,-0.18347133247727984,0.012322797179918434,-0.2065655630187966,-0.1923983878839182,-0.18388322596139595,-0.17482768028759554,-0.15890940214207833,0.0006976628178943407
