,mean,std,2.5q,25q,50q,75q,97.5q,mc err
a,1.3062086199169727,0.1285735092654778,1.0624118280467367,1.2169865018992838,1.2996949191309914,1.388392154696285,1.5795372408302308,0.007678069304034934
z,0.5070495211220643,0.020024392547879813,0.46964651339175645,0.4935116920604452,0.5062992930420881,0.5199322257216245,0.5490156660985064,0.0007274390011814254
t,0.6327010024931754,0.03375407840364814,0.5637720136004071,0.6106012455303492,0.6332080179634049,0.6556537698047392,0.6998667380626005,0.001930923656457154
theta,0.5738570618306014,0.08300784923653816,0.4028650350680719,0.5204975624713548,0.5736343973402869,0.6293304532988346,0.735866060085322,0.004570063684662054
v_Intercept,0.4686318335511864,0.36637302670862915,-0.24822953437953096,0.20221790147401225,0.48709547869672554,0.7346534747576429,1.1398244643824855,0.033804836764338445
v_gain,0.1655272659408979,0.014800064907458083,0.13796416001754397,0.15511932099851877,0.164891473403314,0.1755829419984048,0.19549431977853665,0.0011196353408008779
v_loss,-0.21203297861795203,0.015777727054816826,-0.24002044326252464,-0.2240225294123112,-0.21279718060517394,-0.20051630603127157,-0.18126972616150833,0.0014448152904826866
