,mean,std,2.5q,25q,50q,75q,97.5q,mc err
a,1.7979769825952525,0.16358824085137966,1.5231882137109762,1.6845201262356424,1.779629020649322,1.8942324866435805,2.1746018064065877,0.01060861516589596
z,0.6208356391181825,0.022371104237793878,0.5766764721825639,0.605527440001533,0.6210833467655981,0.6362185489991931,0.6645742267824669,0.0006583517260599564
t,0.7322256305271871,0.04853968534833859,0.6187733096375231,0.7045562458760037,0.737617814065877,0.7666261155881166,0.8109467055270324,0.0029289270374454417
theta,0.5502053931205699,0.07042954053578952,0.4061941994399134,0.5054031496551845,0.5503025130521381,0.5963547204747635,0.6925857932642971,0.004190958480236403
v_Intercept,-0.04341526462262171,0.26560494962769243,-0.5751414400347821,-0.2179235337580449,-0.04802861728855018,0.13025213085551204,0.4803637442703974,0.015266174632392082
v_gain,0.15826643900231474,0.014099778008455612,0.12896938467342015,0.14880425910481815,0.15850235428634835,0.16800084064196266,0.18516531883917003,0.0006338339086087244
v_loss,-0.17168985268162812,0.014729681810699242,-0.20035351895749756,-0.18162469677877666,-0.1720966638716982,-0.16205064684734125,-0.14205641913402048,0.0007396578435679906
