,mean,std,2.5q,25q,50q,75q,97.5q,mc err
a,1.0775952981555188,0.12750736938519872,0.8675500433649713,0.978044756313274,1.0671690213309495,1.1654325987213179,1.3419125926365267,0.008295840119574386
z,0.41415313072158383,0.028111165335442632,0.35849659762360075,0.39543049412442466,0.4138436337150605,0.4334064607821847,0.4687792442258164,0.0011592782861819752
t,0.4887877512740533,0.03505143897565491,0.4213393708112959,0.46172096631646425,0.4909416441305186,0.518391804163767,0.5437146980580843,0.0021744074127592033
theta,0.5174542598072491,0.11303742321548932,0.2993041507499495,0.4368344663277418,0.5182056400500844,0.6008173641358601,0.7274807091197066,0.006881007717381373
v_Intercept,-1.635632839581719,0.3933130676628785,-2.423489971920752,-1.8950336264560557,-1.6183451064184422,-1.3613065961311608,-0.9152183850973789,0.03268841902207181
v_gain,0.16942077714108736,0.01676984317675661,0.13604772918739294,0.15791369552543755,0.16968861554129747,0.1810569061876391,0.20146931135871576,0.001038313768336761
v_loss,-0.10516213440835717,0.01752233866770873,-0.1377432131288842,-0.11760877363663456,-0.10589386806189531,-0.09312889116840366,-0.07082651393787741,0.0014144802711355642
