,mean,std,2.5q,25q,50q,75q,97.5q,mc err
a,2.436982248278595,0.27148731078471133,1.9684972949257606,2.224118688499952,2.41513690579315,2.6478371716320086,2.9522502631626923,0.02074988048835658
z,0.48883978865130895,0.019451137515837175,0.45026543637864636,0.4758448845577824,0.4893697534195316,0.5021590146778785,0.5247783770779082,0.0006789627188718375
t,0.4746957982192412,0.08342649991666934,0.3115225499847039,0.4122712722274117,0.48172414814054415,0.5375691900835375,0.6201223561320324,0.006125423156638091
theta,0.5587559565489786,0.07444225522951198,0.42639084459962917,0.5039725387478955,0.5552914426979493,0.6117772069657192,0.7082367217126158,0.005384482340905981
v_Intercept,0.11323914113800593,0.21333394370215342,-0.3435426554266415,-0.02382719913722267,0.11715738087436373,0.2553365474818655,0.5092967358576413,0.015640263865080335
v_gain,0.09383627138241911,0.004981008296932286,0.08367479257480055,0.0906647075434369,0.09392413466772756,0.09716295221079331,0.10366283025586197,0.0003498210857892743
v_loss,-0.18955019375247942,0.009663795979314722,-0.20743939748165305,-0.19638052706903367,-0.18998160711581788,-0.1832039670981922,-0.16911197190829277,0.00046954387212740236
