,mean,std,2.5q,25q,50q,75q,97.5q,mc err
a,1.7334822138772188,0.13438872460341286,1.4875937600501277,1.6383961085994263,1.7285022119549818,1.8220156570070496,2.0096895554237815,0.006655055271009504
z,0.627729862447599,0.022351946568963683,0.5823856434058641,0.6131313649423994,0.6281532899493544,0.6426638366971776,0.6705764277241889,0.0007404305587957142
t,0.6373083278796098,0.04092734407278128,0.5496060314999344,0.6117186981753298,0.6407337060101211,0.6660602531370653,0.7094230809579894,0.001904091034901579
theta,0.41053423084835033,0.06079563345021457,0.2884336893633757,0.36997155746140703,0.41162733814837593,0.45331285743833727,0.5232328722775998,0.0028536510283205018
v_Intercept,0.09401655280570928,0.25891463514707275,-0.45612413545934977,-0.06551575982487237,0.09851891137493005,0.26489394925976306,0.5898644179316607,0.018501939676807817
v_gain,0.09163199424260599,0.006497090682302451,0.0786696347634859,0.08725777482286623,0.0918755308248902,0.09571819507302279,0.10466227755948351,0.00041935371522756936
v_loss,-0.183732400294875,0.011823574227632269,-0.20561048201825416,-0.1921014621026424,-0.18399675396780693,-0.17580018334558373,-0.15925504489081016,0.0005969443609025549
