,mean,std,2.5q,25q,50q,75q,97.5q,mc err
a,1.6080475579629425,0.13812065270663687,1.3634440833000174,1.511235200098419,1.5978570143283775,1.6974926920751923,1.905057187307177,0.006869144681352328
z,0.538501233211848,0.02485332223245783,0.4889970424020912,0.5217171355317665,0.5387120712833042,0.5550183431613189,0.5875889665236163,0.0006158281658657643
t,0.8491898334958458,0.05126846218428289,0.7400378704687252,0.8158852974966749,0.8534338485063813,0.8859694980383079,0.9362940813140874,0.0023664136710470447
theta,0.360010124402651,0.06860643667207,0.21821688961188654,0.31645888028691066,0.36165416125971894,0.4053907726982726,0.48974912655683966,0.0032130387420007426
v_Intercept,-0.04874815934725062,0.2695729601281206,-0.5590958242335481,-0.23067092460115723,-0.050690736010337856,0.12861560736922384,0.4838999819130831,0.01441937546666663
v_gain,0.15174513935077005,0.01597679588941943,0.12078106701261287,0.14077694487028325,0.15192265781446623,0.16215311766293258,0.1837315951107975,0.0007738959527693876
v_loss,-0.15331225036175025,0.01502536755131769,-0.18301116859308728,-0.16335877604174792,-0.15343250701637126,-0.14281063518818424,-0.1246256649285415,0.0007020162566368925
