,mean,std,2.5q,25q,50q,75q,97.5q,mc err
a,2.045475975901944,0.18877278440230907,1.7277905586846094,1.9155407009560919,2.028600926175478,2.1493280719271675,2.483465544742964,0.012625709781849626
z,0.6016137867256471,0.0183488431824822,0.5653426922753816,0.588975516443476,0.6015861226713355,0.6138809245897163,0.6377265456397057,0.0005844379867745534
t,0.5377031116667527,0.05380792331969349,0.4147742021456243,0.5060469350008849,0.542817923913422,0.5766058524542234,0.625954002652376,0.0034069610915527146
theta,0.5311350740613332,0.06365094389059764,0.407443549401455,0.48905455996670305,0.5306735760963671,0.5707534608721043,0.6634446339758244,0.004018640986670487
v_Intercept,-0.6510386207820685,0.22331135302597171,-1.1251942289656687,-0.7943918513459561,-0.6451922701498025,-0.49036539546755004,-0.23397431645607353,0.017584470826414282
v_gain,0.1078989200286607,0.005109223308347757,0.0974636270683745,0.1045783861940148,0.10815570228460972,0.11127383410222469,0.1176725085730136,0.00031914653288361746
v_loss,-0.16802060264054952,0.009608836581897007,-0.18532056403536928,-0.1749439976513591,-0.16844736360204046,-0.1618021371414628,-0.14777462153779516,0.0007346367212421958
