,mean,std,2.5q,25q,50q,75q,97.5q,mc err
a,1.861122352055197,0.21243646780308517,1.4902308299963343,1.7128098902216649,1.8449624311032151,1.9879941175381997,2.3574535648770434,0.016337796365263873
z,0.5437381093696063,0.020782530096435905,0.5031135901209113,0.5296221740024343,0.5437027104450235,0.5578966151233369,0.584928263089468,0.0006555450533604925
t,0.4950871057832166,0.06264640507380916,0.3525692177351192,0.4575619851966696,0.5009554740551297,0.5396003053118706,0.6011009335898118,0.004623798505618076
theta,0.5619352074188496,0.0785775849015287,0.39976260176841305,0.5111687210112861,0.5655257014323444,0.6164186961580301,0.7107719003525328,0.005799533940676423
v_Intercept,0.6009500271814474,0.24990517168086104,0.11623808279664373,0.43118761187032195,0.6033507187270541,0.7707320217873386,1.082762586388087,0.01595346897035696
v_gain,0.15572575615860118,0.011537007517323264,0.13255001144395906,0.14795161578288427,0.15591990299782213,0.16377888065777163,0.17759853330363842,0.0004974767219200996
v_loss,-0.2119811200084978,0.012422964883427189,-0.23516282959046844,-0.22060646177835314,-0.2125792158548922,-0.20363728316363677,-0.18741868284622082,0.0007647852911367994
