,mean,std,2.5q,25q,50q,75q,97.5q,mc err
a,2.489335473661215,0.24048448573700765,2.0448480631450017,2.3094695899250923,2.491174019050381,2.6683088004877207,2.9331731160559427,0.017095954249170982
z,0.5548711046519218,0.025810725751207582,0.5027861864489394,0.5377482212188787,0.5552730267404682,0.5720204950085809,0.6042060247665371,0.000893188048228445
t,0.6101818495027976,0.08661092547412208,0.44063234289644515,0.5489143959383895,0.6119828266319867,0.6747634032774062,0.7713594813217078,0.005721470211421927
theta,0.5568954583518133,0.060931558697290514,0.42758203742711426,0.5172149307879352,0.5604189700172428,0.6020066706506663,0.6605339716130723,0.004124710856411215
v_Intercept,1.0803149988800425,0.21718541391704912,0.6660517844731493,0.9352058168965691,1.0774790845671256,1.2215701936723902,1.5203463634213574,0.012990146205661735
v_gain,0.04747252973247818,0.006001136111179934,0.035555920716266204,0.04361081401203709,0.04731962070180233,0.0514009684442252,0.05957226237218162,0.00029108443297239784
v_loss,-0.17090251725630498,0.013883905236352266,-0.19768424423711847,-0.18009377435157062,-0.1712920963057121,-0.16154552484315274,-0.14246504544340577,0.0007749926211203174
