,mean,std,2.5q,25q,50q,75q,97.5q,mc err
a,1.4648316665285759,0.18976709630628805,1.154210001918192,1.328584677878125,1.4457741679452552,1.5853583330155405,1.8829607839118163,0.013410002574492643
z,0.5510733269686253,0.020596339750972175,0.5130263379466622,0.5367032531014396,0.5505438246238971,0.5644305004073477,0.5939270441059352,0.0009064125331754649
t,0.829929098161736,0.045720201950001725,0.7278207571537311,0.8011336360976101,0.8339964065491356,0.8632679824169209,0.9051644782229381,0.0031002107164599555
theta,0.6330118575762315,0.10375022756918295,0.42497791602338897,0.5628720337952855,0.6397362485165439,0.7072419441526917,0.8253932055667527,0.007094382117513935
v_Intercept,0.3918130607318535,0.3081720965196306,-0.1770877570580214,0.1733895427593552,0.3821855614659531,0.603184577270618,0.990143773820723,0.02700680500376702
v_gain,0.08388905704166225,0.0064594138586115245,0.07076542547478892,0.0796349526071739,0.08399062512844357,0.08839166039692622,0.09604146586383853,0.0004186615382476256
v_loss,-0.20839379199735839,0.013683319141323059,-0.23444091506823933,-0.21796201473458923,-0.20834264284765416,-0.19919248979039833,-0.18192688149696248,0.0011813831280273683
