,mean,std,2.5q,25q,50q,75q,97.5q,mc err
a,1.8487310103251196,0.14944844422160714,1.5685859847973296,1.7439302581127936,1.8494758908621236,1.9463751167163283,2.156574864044302,0.00949873191356467
z,0.6623562626086846,0.02778844394401541,0.6051651589211529,0.6432188429055161,0.6634299727204954,0.6816897861179403,0.7139657642319005,0.0012687529033359201
t,0.6898946200274113,0.0333331153523366,0.6168420448582274,0.669331219193661,0.6925486431767234,0.7141005006408594,0.7460420024547465,0.0017616554033870549
theta,0.6979654204881164,0.06258011807351448,0.566368921817752,0.657074357084707,0.7049976308493655,0.7426718502501676,0.808293605532179,0.0038105804637477507
v_Intercept,0.13361932249475134,0.3068031933773316,-0.4599153766268433,-0.07890862880990449,0.12931008747066172,0.35398463471736474,0.7068018952602648,0.01892146696695347
v_gain,0.08497947239990812,0.007556596162595412,0.06984452239890762,0.08009366481317208,0.08485504565856548,0.09001524811567438,0.10025485978450892,0.0004312688742466035
v_loss,-0.14887540662273432,0.0148901183655888,-0.17724075414096474,-0.15918450771916998,-0.14913705243596906,-0.13896826039584023,-0.11891081186777003,0.0006363023437823418
