,mean,std,2.5q,25q,50q,75q,97.5q,mc err
a,2.215518480742302,0.22415333928012976,1.851630747862351,2.0546866626161564,2.1872889551603953,2.3528567593874308,2.737486665505283,0.015579678028513178
z,0.5289058190584389,0.021056739115724917,0.4875080549111116,0.5150133000185837,0.5287412593875706,0.5432236940881444,0.5685751464559881,0.0005463668294963291
t,0.6050212913999927,0.06463613856037058,0.4563536308130174,0.5658864979959037,0.6116901347381133,0.6513064349873434,0.7131658915412497,0.004232290153052932
theta,0.5438714280867212,0.06557358127033745,0.4151385900294199,0.49973588696767496,0.5413940373184641,0.5882772355529875,0.6769065650946064,0.00430908743086302
v_Intercept,-1.561141007945689,0.24140956114437792,-2.0398522564181487,-1.7221547644968274,-1.5598525067835232,-1.3998330845383609,-1.0708256952795532,0.013625448724515266
v_gain,0.12193723788196503,0.006515965374007778,0.10842397274112754,0.11769971340012006,0.12222681228137741,0.12649572280593563,0.13396876277192046,0.0003274892529784033
v_loss,-0.12137509453849651,0.011794239295782912,-0.14402233240442933,-0.12956769679439986,-0.12178958719786658,-0.11329462302517501,-0.09779677528703931,0.000520097711184418
