,mean,std,2.5q,25q,50q,75q,97.5q,mc err
a,2.5382481239702552,0.27585694792114857,1.9793153740127531,2.3323187120310376,2.5634629734526078,2.7647068728179405,2.9694821264276037,0.02161624513030511
z,0.620281957526509,0.026475096958371136,0.566428853274417,0.6027907305036075,0.6208230807781644,0.6384864838201855,0.6715642203811546,0.001346071998465288
t,0.5470263279555697,0.05951211343705983,0.42598258677453904,0.5063672752749839,0.5494620016223126,0.5903759168002719,0.654650382828782,0.004209942643119113
theta,0.8502287506011318,0.07851277785045531,0.6763696962602629,0.7947961191112721,0.8711759140066848,0.9130329572856116,0.9540702151195636,0.0058557323614422604
v_Intercept,-0.17513041912279542,0.27667036002220735,-0.772567292735166,-0.35158201828953184,-0.16876328525267167,0.011681988084646405,0.3514431343355518,0.019390941598266973
v_gain,0.18981577905085517,0.013418604023294025,0.16445434628680058,0.18073824840685776,0.18943811575373576,0.1989590549745167,0.21753345543833544,0.0008924722503161533
v_loss,-0.15188398730287522,0.013209483520906689,-0.17790198188232034,-0.16101965089041084,-0.15184780783264754,-0.14250695092857707,-0.12712748462174772,0.000654476276657796
