,mean,std,2.5q,25q,50q,75q,97.5q,mc err
a,1.8046224968431512,0.14321937590072406,1.5564632085559773,1.6997189065750842,1.7937657326348888,1.8991539498852015,2.115818968169429,0.007379584343610228
z,0.6093228626214569,0.0240439040644763,0.5614108279312925,0.593132834156716,0.6097765415745248,0.6254764227063937,0.6558561803618437,0.0012226649238103852
t,0.5535744524652648,0.0404385081320443,0.4645509536223166,0.5294704685209993,0.5575871093961502,0.5820022542299667,0.6214697000494812,0.0018777431462755644
theta,0.47150617386755106,0.06130202412726744,0.35681677651955396,0.4307913003397043,0.4698208755275445,0.509753030711595,0.6017241027397763,0.002910004833326227
v_Intercept,-0.9030918575199157,0.30591895406063857,-1.5884977080012943,-1.0587831720009022,-0.8758304693062141,-0.7072808931142059,-0.2987953853137074,0.0282724888949678
v_gain,0.11279113976134102,0.006921823889272089,0.0986804289683583,0.1087185373323007,0.11229224703394113,0.11591398222911725,0.12826703776388193,0.0006322452620156083
v_loss,-0.13104653599450614,0.011579477382987006,-0.15289092421234948,-0.1389124086424559,-0.13140352960024052,-0.1237035400622028,-0.10657459403249167,0.0007806816033277294
