,mean,std,2.5q,25q,50q,75q,97.5q,mc err
a,2.368403572696967,0.25525016263482836,1.909693197274539,2.1881357959655507,2.354481907203081,2.5349518684859573,2.904136089058087,0.018560604421365604
z,0.5628972391423676,0.024252117469044324,0.5137371573224943,0.5471456986511202,0.563149933610056,0.5794599017493879,0.6092655215441934,0.0007710623809051297
t,0.35280772255776865,0.08755460883635681,0.16367139909724443,0.29857221339900575,0.35885238496581007,0.4139795847476382,0.5064803386847827,0.006139755589508648
theta,0.5575938406705575,0.0721525936128898,0.41019318280253486,0.5095145545806475,0.5599606546305362,0.6087505869240826,0.6888557744324703,0.004982285991542562
v_Intercept,-0.37008576957406697,0.2246729590203297,-0.8272571777360422,-0.511955627904711,-0.37536100199261063,-0.21900955968092134,0.08011285233317594,0.013160963467504911
v_gain,0.15890746410030995,0.015435795168593015,0.13007256961734412,0.14808598351929153,0.15820453131503756,0.16957075768916194,0.18985209100604752,0.0008885671925280096
v_loss,-0.1414779377221882,0.014791133547917485,-0.17098367487659358,-0.15099407609051277,-0.1412696135074294,-0.13137282306949222,-0.11322233494978745,0.0007786076684394136
