,mean,std,2.5q,25q,50q,75q,97.5q,mc err
a,1.4768645219922443,0.14777299409021408,1.22921445840644,1.372922387711275,1.4578342522159369,1.5648314466354956,1.8079153242517738,0.009680854581084641
z,0.5521988888203943,0.022740806865481456,0.5061319047301858,0.5373445680438445,0.5527339046594554,0.5676626749526897,0.5951563492989288,0.0006156486680305304
t,0.6780002187558773,0.04107878458807436,0.5837787604326167,0.6545126593418684,0.6834499057834778,0.7063514243019332,0.7451974647437108,0.0025517391013840413
theta,0.4335541722172576,0.08895326317126646,0.2651468245294021,0.3714918892269777,0.4335800042676057,0.49653188913289276,0.6046537539291641,0.005356623173092504
v_Intercept,-1.0123164979459451,0.2664474985567426,-1.533877372269193,-1.1928938113161003,-1.0123475246433562,-0.8279910037226117,-0.49382601655038305,0.0160397541788727
v_gain,0.22585293710323076,0.013353707895809435,0.19824352626894143,0.21697303308643956,0.22630478487989433,0.23512046914148185,0.2507939070451411,0.0007525379891276889
v_loss,-0.1363142971196265,0.013443359446845462,-0.16226401257668857,-0.14541801389389022,-0.13654634940778596,-0.127397941925337,-0.1087939831246625,0.0005629388469418842
