,mean,std,2.5q,25q,50q,75q,97.5q,mc err
a,2.276219928670671,0.28022582862902046,1.7817859341034836,2.061500481681762,2.2553929943984055,2.477094600385001,2.843951732294618,0.021723639174528624
z,0.5955373323158732,0.02483771193019171,0.5463550337109372,0.5790115596722303,0.5957381468190547,0.6123655337526817,0.6435023990950127,0.0006896102732934086
t,0.8804336823996401,0.10068070825691632,0.6894005472709372,0.8061145752419966,0.879846643874461,0.9608217685319402,1.0605586627062156,0.007332011528930957
theta,0.5891782857468353,0.07741929090925433,0.43334102809069774,0.5354983437960625,0.588735915835621,0.6470001433093906,0.7305868747475224,0.005790844658354823
v_Intercept,-0.1193275438224033,0.22542091160103506,-0.5367888884477097,-0.272844936965145,-0.13087949260037385,0.02497348708941441,0.3616310767315214,0.013086499867705482
v_gain,0.14092337289461088,0.014185871799837763,0.11382621640488606,0.13141938534119788,0.1407727706424113,0.15066257009968684,0.16894292720297072,0.0006754227970310682
v_loss,-0.1410454621527767,0.015219269310874311,-0.17301338410874256,-0.1509776844757758,-0.14018876286365853,-0.13075371124872304,-0.11290431748217508,0.0008564549297752945
