,mean,std,2.5q,25q,50q,75q,97.5q,mc err
a,1.9180364975806843,0.13991799511249975,1.663310489609161,1.8268768301918847,1.9106685788685995,2.0001220830056514,2.2241786013153906,0.006068160737158076
z,0.3198508726292134,0.026259655265461885,0.2690319552344129,0.3017253321934795,0.31940364566309265,0.33692898482118616,0.373350620607947,0.0009870087118082562
t,0.589624138775531,0.034308350003664806,0.5142833649252805,0.5681068332999276,0.5928389662381924,0.6143438025528797,0.647658193979,0.0012764694774388035
theta,0.4390048192303546,0.06468074481831394,0.31993196270589624,0.39826675135053263,0.43548987033372405,0.47532199865233105,0.5846338371697517,0.0025375954773667374
v_Intercept,-0.9780922598932505,0.3007687214529082,-1.5631868275104348,-1.189672487679667,-0.9790963045545792,-0.7629392912321424,-0.4090780139702271,0.017744578524538236
v_gain,0.17712760261446628,0.015671189909325405,0.14719403412079063,0.1661288388110612,0.17721603767596136,0.18847073726883318,0.20722339981137666,0.0008520928930797741
v_loss,-0.12596647798570382,0.015145365780219272,-0.15495655716520698,-0.1364456080926482,-0.12597378659107433,-0.11560392434786597,-0.09641115057442755,0.0007222453545211033
