,mean,std,2.5q,25q,50q,75q,97.5q,mc err
a,2.7768341319628167,0.1685775284189356,2.3782489128394784,2.6702462477684623,2.811994200570567,2.9151076184735056,2.992565506225013,0.008859565384100893
z,0.4145213100044904,0.03063916453389543,0.3552026295695526,0.3935932360333684,0.4144245005924476,0.4350084287363134,0.4751965792413142,0.0012573178789581766
t,0.43717996192726744,0.07350985757175742,0.29236183982863173,0.38723148777697247,0.4359300020758512,0.4850627225172709,0.5878059912811449,0.0035189946751619976
theta,0.6572891486029527,0.0418734191957735,0.55983550836164,0.6331229842396048,0.6631035820937394,0.6871237770570482,0.725033058092504,0.0019683624478956867
v_Intercept,1.2443703951633578,0.24772568564655617,0.7559710783478572,1.0827447271423454,1.2498209256505972,1.4006490123137838,1.7369966332975129,0.016299547022438562
v_gain,0.04547171415682063,0.006897931720038432,0.03215162828980309,0.040822311615651224,0.04528936232541333,0.05017336951343221,0.059160628393491475,0.00038584482742254453
v_loss,-0.11506008563720309,0.013455391736312602,-0.14112836561173833,-0.12449177417200621,-0.11513240906337945,-0.10556017772072696,-0.08937200303216565,0.0007551858466382352
