,mean,std,2.5q,25q,50q,75q,97.5q,mc err
a,1.5392716176056267,0.12140715813343529,1.328848817799281,1.455223479302997,1.530997357032393,1.6162873724059923,1.7902568890245016,0.005983825222846241
z,0.5383501648371163,0.025271490205750424,0.48616796427924824,0.521924203117362,0.5391759890173949,0.5553891740133448,0.5871550551123528,0.0009130742109868981
t,0.760150134155789,0.042076334668705445,0.6670679101486021,0.7348763382194266,0.7658688591503513,0.7904568428301763,0.8262325925713502,0.0019963593939646084
theta,0.3513621368765882,0.06147693500872541,0.2313988252937329,0.31047369851811324,0.35215714154521527,0.39346742858095507,0.4676066633946267,0.002717506089527997
v_Intercept,-0.05526559296090038,0.2682684737197892,-0.5945584171701869,-0.2342918784578266,-0.0524052165077491,0.12950108045866443,0.4487578285356516,0.01735400253324182
v_gain,0.09476077292575046,0.006403880047711002,0.08229973439077602,0.09033754359586832,0.09472558464561516,0.09908211849951522,0.10724497572079522,0.0003819696072754297
v_loss,-0.17585266554801915,0.012313149435337371,-0.19875741998429255,-0.1844116852102895,-0.17639604119029773,-0.16778368518480408,-0.15062457120790798,0.0005592370342801309
