,mean,std,2.5q,25q,50q,75q,97.5q,mc err
a,2.8156973271663883,0.140934331999881,2.475679966368326,2.735361880629192,2.8459978551733514,2.9267592602482146,2.993208014347688,0.007254385078863728
z,0.5659020387085383,0.024000181482586702,0.518790406660832,0.5498536417613252,0.5662701266388962,0.5821839639839085,0.6131087438591183,0.0012924945938415664
t,0.4492862441341637,0.04964119432814716,0.35593453475363934,0.41601987016852693,0.4477004142567107,0.48203455002806,0.549635044383922,0.002607004891524408
theta,0.7652412063923169,0.031117183935546355,0.6898670918026154,0.7480551329246182,0.7703642932711068,0.7874008586916799,0.8131734899257309,0.0014296604059014892
v_Intercept,-0.8081683588738214,0.2237071924575289,-1.1978383341896894,-0.9714522603302749,-0.8235564700697547,-0.6747022847197388,-0.3373030291611243,0.01828992176871453
v_gain,0.10888702081892436,0.005448106174801301,0.09733431906548695,0.10559821363361481,0.10915113453181968,0.11285438769656747,0.11833694897657182,0.00043780320899211675
v_loss,-0.1209083519163091,0.010105594354216436,-0.14204339316236195,-0.1276973604546514,-0.12074236585780795,-0.11412344300535933,-0.10122116642514442,0.0004821322047265361
