,mean,std,2.5q,25q,50q,75q,97.5q,mc err
a,2.611666720971545,0.22093436382397877,2.1633979492608546,2.454976563411774,2.6284693555292553,2.7866383303415505,2.9712804346606525,0.015059491592893149
z,0.5658084816450671,0.024442323147829216,0.5176125755143054,0.5490560586567673,0.5663012828729035,0.5824166536984108,0.61422050877138,0.0014066858463345768
t,0.6075804897726508,0.0613961292785797,0.4921214527141332,0.562252670594751,0.6070650811295571,0.652058323626026,0.7238204724980503,0.003968448702666639
theta,0.7731716201049234,0.05110776844658019,0.6597831268759673,0.7417143877292351,0.7790711745177873,0.8114713917376989,0.853094879806417,0.0033350350639920904
v_Intercept,-0.5535095137516255,0.2686534250467878,-1.1146082823766146,-0.7234342533277476,-0.5435384099260372,-0.37562442962648984,-0.02599056746041198,0.023842346458817228
v_gain,0.10439133717145174,0.006294850890103302,0.09230526987515829,0.10026986866711507,0.1041993304181029,0.10822424414905896,0.11796999053272857,0.0005557535101598702
v_loss,-0.1353321623848063,0.011159442772443632,-0.1578605700805666,-0.14233617648142374,-0.13512222400252089,-0.12807837712590325,-0.11350750830028203,0.000621111770849826
