,mean,std,2.5q,25q,50q,75q,97.5q,mc err
a,1.5966468307553694,0.19209928571762291,1.3004058079460257,1.4555713502967402,1.5677250939704952,1.7139497031364304,2.0200144052515103,0.014555803181356916
z,0.5841600138971064,0.025612218740793658,0.5334240071342138,0.5669697838513058,0.584401887281502,0.601781810061256,0.6333022118915514,0.0012728602000009388
t,0.5327266988561229,0.04457111075661544,0.43103921863224753,0.5068484006395705,0.5396988992332913,0.5649416238141924,0.6014994975952805,0.0032395405664422056
theta,0.7207337997708761,0.08707045167020351,0.5601623029611812,0.6576087732419178,0.7162781301385878,0.781965188085851,0.8926088748268067,0.0062019189888929014
v_Intercept,-0.8245783699648566,0.2946456714577602,-1.4509669817769875,-1.003431905316485,-0.8110257400476195,-0.6281649249812069,-0.2724284337116236,0.02366934211929924
v_gain,0.21304777929520727,0.013690367266954747,0.18657255621918986,0.2036833422149501,0.21281930885722772,0.22162241681269695,0.2417279556750931,0.0010826498148127856
v_loss,-0.1038970639005228,0.01344581523846095,-0.12923174835442897,-0.11312246188286426,-0.10421532117242248,-0.09522471084764388,-0.07644366945767779,0.0006896462747531553
