,mean,std,2.5q,25q,50q,75q,97.5q,mc err
a,2.1091408235290166,0.25798114661832044,1.683049611321225,1.9266431398857662,2.0872500855273617,2.259974301936002,2.7339229003632735,0.020176623955346903
z,0.5104033134303446,0.025523021116923762,0.4611991715098631,0.49345408299520577,0.5096960958045427,0.5281124257648244,0.5606282057751876,0.0008617516815403132
t,0.664206341937642,0.08799222386169309,0.4551806922914134,0.6142201832415918,0.6733186314077474,0.7277526930635043,0.8072238307471231,0.006496926157847289
theta,0.5542204313904422,0.08107991583149966,0.38985031731829195,0.49951146016049797,0.5570045100472423,0.608789551918695,0.7160921244106414,0.005951244733757549
v_Intercept,-0.7640982466992892,0.2485098200044446,-1.2463061334982093,-0.9278127130042053,-0.7648432902271273,-0.5924817309040505,-0.27983714495039613,0.014808925528141299
v_gain,0.15839019598205625,0.014831515130542542,0.1293939802433964,0.1480598002964273,0.15869352026719574,0.16837394723217503,0.186940042617183,0.000814399838238664
v_loss,-0.1190470871348787,0.014207678793462632,-0.14742213532057535,-0.12864747625556386,-0.11888737338899996,-0.10951277726649386,-0.09109258422679731,0.0007271176212061983
